"Data Source","World Development Indicators",

"Last Updated Date","2020-09-08",

"Country Name","Country Code","Indicator Name","Indicator Code","1960","1961","1962","1963","1964","1965","1966","1967","1968","1969","1970","1971","1972","1973","1974","1975","1976","1977","1978","1979","1980","1981","1982","1983","1984","1985","1986","1987","1988","1989","1990","1991","1992","1993","1994","1995","1996","1997","1998","1999","2000","2001","2002","2003","2004","2005","2006","2007","2008","2009","2010","2011","2012","2013","2014","2015","2016","2017","2018","2019",
"Aruba","ABW","Educational attainment, at least completed primary, population 25+ years, total (%) (cumulative)","SE.PRM.CUAT.ZS","","","","","","","","","","","","","","","","","","","","","","","","","","","","","","","","","","","","","","","","","90.32299","","","","","","","","","","91.41014","","","","","","","","","",
"Afghanistan","AFG","Educational attainment, at least completed primary, population 25+ years, total (%) (cumulative)","SE.PRM.CUAT.ZS","","","","","","","","","","","","","","","","6.69999","","","","4.48299","","","","","","","","","","","","","","","","","","","","","","","","","","","","","","","","","","","","","","","","",
"Angola","AGO","Educational attainment, at least completed primary, population 25+ years, total (%) (cumulative)","SE.PRM.CUAT.ZS","","","","","","","","","","","","","","","","","","","","","","","","","","","","","","","","","","","","","","","","","","","","","","","","","","","","","","","43.9981","","","","","",
"Albania","ALB","Educational attainment, at least completed primary, population 25+ years, total (%) (cumulative)","SE.PRM.CUAT.ZS","","","","","","","","","","","","","","","","","","","","","","","","","","","","","","","","","","","","","","","","","","91.39765","","","","","","","92.39538","","","95.84747","95.50839","","","","","","","",
"Andorra","AND","Educational attainment, at least completed primary, population 25+ years, total (%) (cumulative)","SE.PRM.CUAT.ZS","","","","","","","","","","","","","","","","","","","","","","","","","","","","","","","","","","","","","","","","","","","","","","","93.00279","","","","","","","","96.53449","96.45533","96.51884","","","",
"Arab World","ARB","Educational attainment, at least completed primary, population 25+ years, total (%) (cumulative)","SE.PRM.CUAT.ZS","","","","","","","","","","","","","","","","","","","","","","","","","","","","","","","","","","","","","","","","","","","","","","","","","","","","","","","","","","","","",
"United Arab Emirates","ARE","Educational attainment, at least completed primary, population 25+ years, total (%) (cumulative)","SE.PRM.CUAT.ZS","","","","","","","","","","","","","","","","","","","","","","","","","","","","","","","","","","","","","","","","","","","","","","74.45433","","","","","","","","","","","82.91099","88.43127","91.00543","",
"Argentina","ARG","Educational attainment, at least completed primary, population 25+ years, total (%) (cumulative)","SE.PRM.CUAT.ZS","","","","","","","","","","","49.9","","","","","","","","","","59.5","","","","","","","","","","","71.96287","","","","","","","","","","80.87169","","89.97009","","","88.74295","","89.74796","90.42991","90.30145","91.30258","91.69004","92.21349","92.56726","92.63649","91.93097","","92.69537","",
"Armenia","ARM","Educational attainment, at least completed primary, population 25+ years, total (%) (cumulative)","SE.PRM.CUAT.ZS","","","","","","","","","","","","","","","","","","","","","","","","","","","","","","","","","","","","","","","","","","97.89708","","","","","","","","","","99.35955","","","","99.45579","","99.35829","","",
"American Samoa","ASM","Educational attainment, at least completed primary, population 25+ years, total (%) (cumulative)","SE.PRM.CUAT.ZS","","","","","","","","","","","","","","","","","","","","","","","","","","","","","","","","","","","","","","","","","","","","","","","","","","","","","","","","","","","","",
"Antigua and Barbuda","ATG","Educational attainment, at least completed primary, population 25+ years, total (%) (cumulative)","SE.PRM.CUAT.ZS","","","","","","","","","","","","","","","","","","","","","","","","","","","","","","","","","","","","","","","","","","","","","","","","","","","","","","","","","","","","",
"Australia","AUS","Educational attainment, at least completed primary, population 25+ years, total (%) (cumulative)","SE.PRM.CUAT.ZS","","","","","","","","","","","","","","","","","","","","","","","","","","","","","","","","","","","","","","","","","","","","","","","","","","","99.86813","","99.90282","","","100","","99.73059","99.66653","",
"Austria","AUT","Educational attainment, at least completed primary, population 25+ years, total (%) (cumulative)","SE.PRM.CUAT.ZS","","","","","","","","","","","","","","","","","","","","","","","","","","","","","","","","","","","","","","","","","","","","","","","","","","","","","","","","","","","","",
"Azerbaijan","AZE","Educational attainment, at least completed primary, population 25+ years, total (%) (cumulative)","SE.PRM.CUAT.ZS","","","","","","","","","","","","","","","","","","","","","","","","","","","","","","","","","","","","","","","","96.98462","","","","","","","","97.12163","97.1324","98.37981","98.44966","98.44816","98.46663","98.52169","98.53766","98.50648","98.49615","98.49946","","",
"Burundi","BDI","Educational attainment, at least completed primary, population 25+ years, total (%) (cumulative)","SE.PRM.CUAT.ZS","","","","","","","","","","","","","","","","","","","","","","","","","","","","","","","","","","","","","","","","","","","","","","","","","","","","","","","10.93089","","","","","",
"Belgium","BEL","Educational attainment, at least completed primary, population 25+ years, total (%) (cumulative)","SE.PRM.CUAT.ZS","","","","","","","","","","","94.48585","","","","","","","","","","","","","","","","","","","","","","","","","","","","","","","","","","","","92.48347","","93.01065","93.26414","92.66365","92.91851","92.49424","93.03236","93.87284","95.06906","95.69925","","","",
"Benin","BEN","Educational attainment, at least completed primary, population 25+ years, total (%) (cumulative)","SE.PRM.CUAT.ZS","","","","","","","","","","","","","","","","","","","","","","","","","","","","","","","","","","","","","","","","","","","","","","","","","","","","","","","","","","","","",
"Burkina Faso","BFA","Educational attainment, at least completed primary, population 25+ years, total (%) (cumulative)","SE.PRM.CUAT.ZS","","","","","","","","","","","","","","","","","","","","","","","","","","","","","","","","","","","","","","","","","","","","","","","11.271","5.16848","","","","","","","","","","","","",
"Bangladesh","BGD","Educational attainment, at least completed primary, population 25+ years, total (%) (cumulative)","SE.PRM.CUAT.ZS","","","","","","","","","","","","","","","","","","","","","","","","","","","","","","","","","","","","","","","","","","47.24151","","","","","","","","","","48.87966","49.9201","47.62056","48.79116","54.74524","56.30396","57.44107","58.39575","",
"Bulgaria","BGR","Educational attainment, at least completed primary, population 25+ years, total (%) (cumulative)","SE.PRM.CUAT.ZS","","","","","","","","","","","","","","","","","","","","","","","","","","","","","","","","","82.7249","","","","","","","","","96.99078","","","","","","","","","","","","","","","","","","",
"Bahrain","BHR","Educational attainment, at least completed primary, population 25+ years, total (%) (cumulative)","SE.PRM.CUAT.ZS","","","","","","","","","","","","17.2","","","","","","","","","","","","","","","","","","","","","","","","","","","","","","80.32081","","","","","","","","","68.29699","","","","","","76.74711","79.69015","87.0229","",
"Bahamas, The","BHS","Educational attainment, at least completed primary, population 25+ years, total (%) (cumulative)","SE.PRM.CUAT.ZS","","","","","","","","","","","","","","","","","","","","","","","","","","","","","","","","","","","","","","","","","98.49593","","","","","","","","","","95.07771","","","","","","","","","",
"Bosnia and Herzegovina","BIH","Educational attainment, at least completed primary, population 25+ years, total (%) (cumulative)","SE.PRM.CUAT.ZS","","","","","","","","","","","","","","","","","","","","","","","","","","","","","","","","","","","","","","","","","","","","","","","","","","","73.09963","74.34972","","","78.04538","79.87345","83.74911","","","",
"Belarus","BLR","Educational attainment, at least completed primary, population 25+ years, total (%) (cumulative)","SE.PRM.CUAT.ZS","","","","","","","","","","","","","","","","","","","","","","","","","","","","","","","","","","","","","","","","","","","","","","","","","","99.03563","","","","","","","","","","",
"Belize","BLZ","Educational attainment, at least completed primary, population 25+ years, total (%) (cumulative)","SE.PRM.CUAT.ZS","","","","","","","","","","","","","","","","","","","","","","","","","","","","","","","","","","","","","","","","","","","","","","68.31764","","","","","99.79344","","","","","","","","","",
"Bermuda","BMU","Educational attainment, at least completed primary, population 25+ years, total (%) (cumulative)","SE.PRM.CUAT.ZS","","","","","","","","","","","","","","","","","","","","","","","","","","","","","","","","","","","","","","","","","99.49995","","","","","","","","","","","","","","","","","","","",
"Bolivia","BOL","Educational attainment, at least completed primary, population 25+ years, total (%) (cumulative)","SE.PRM.CUAT.ZS","","","","","","","","","","","","","","","","","","","","","","","","","","","","","","","","","51.91676","","","","","","","","","58.06432","","","","","45.76689","","49.76619","51.65605","","","58.578","","","72.20475","","","","",
"Brazil","BRA","Educational attainment, at least completed primary, population 25+ years, total (%) (cumulative)","SE.PRM.CUAT.ZS","","","","","","","","","","","30.87424","","","","","","14.3","","","","16.69684","","","","","","","","","","","","","","","","","","","","","","","","68.98745","","72.665","73.52706","74.28956","73.60671","","75.44809","77.74551","76.11808","76.90186","77.56483","78.48146","79.63304","80.27512","",
"Barbados","BRB","Educational attainment, at least completed primary, population 25+ years, total (%) (cumulative)","SE.PRM.CUAT.ZS","","","","","","","","","","","","","","","","","","","","","","","","","","","","","","","","","","","","","","","","","86.3726","","","","","","","","","","","","","","","","","","","",
"Brunei Darussalam","BRN","Educational attainment, at least completed primary, population 25+ years, total (%) (cumulative)","SE.PRM.CUAT.ZS","","","","","","","","","","","","","","","","","","","","","","","","","","","","","","","","","","","","","","","","","","","","","","","","","","","","","","","","","","","","",
"Bhutan","BTN","Educational attainment, at least completed primary, population 25+ years, total (%) (cumulative)","SE.PRM.CUAT.ZS","","","","","","","","","","","","","","","","","","","","","","","","","","","","","","","","","","","","","","","","","","","","","","","","","","","","","20.42908","","","","","","","",
"Botswana","BWA","Educational attainment, at least completed primary, population 25+ years, total (%) (cumulative)","SE.PRM.CUAT.ZS","","","","","","","","","","","","5.20108","","","","","","","","","","","","","","","","","","","","","","","","","","","","","","","","","","","","","","","","","","","","","","","","",
"Central African Republic","CAF","Educational attainment, at least completed primary, population 25+ years, total (%) (cumulative)","SE.PRM.CUAT.ZS","","","","","","","","","","","","","","","","10.11919","","","","","","","","","","","","","","","","","","","","","","","","","","","","","","","","","","","","","","","","","","","","",
"Canada","CAN","Educational attainment, at least completed primary, population 25+ years, total (%) (cumulative)","SE.PRM.CUAT.ZS","","","","","","","","","","","80.2","","","","","","79.7","","","","","83.72147","","","","","93.77894","","","","","95.06149","","","","","","","","","","","","","","","","","","","","","","","","","","","","",
"Central Europe and the Baltics","CEB","Educational attainment, at least completed primary, population 25+ years, total (%) (cumulative)","SE.PRM.CUAT.ZS","","","","","","","","","","","","","","","","","","","","","","","","","","","","","","","","","","","","","","","","","","","","","","","","","","","","","","","","","","","","",
"Switzerland","CHE","Educational attainment, at least completed primary, population 25+ years, total (%) (cumulative)","SE.PRM.CUAT.ZS","","","","","","","","","","","","","","","","","","","","","","","","","","","","","","","","","","","","","","","","","","","","","","","","","","100","","","","","","","","","","",
"Channel Islands","CHI","Educational attainment, at least completed primary, population 25+ years, total (%) (cumulative)","SE.PRM.CUAT.ZS","","","","","","","","","","","","","","","","","","","","","","","","","","","","","","","","","","","","","","","","","","","","","","","","","","","","","","","","","","","","",
"Chile","CHL","Educational attainment, at least completed primary, population 25+ years, total (%) (cumulative)","SE.PRM.CUAT.ZS","","","","","","","","","","","","","","","","","","","","","","","","","","","","","","","","","","","","","","","","","","","","","87.01519","","","88.941","85.60041","","84.66626","80.87242","","85.63364","","87.07576","","87.53704","","",
"China","CHN","Educational attainment, at least completed primary, population 25+ years, total (%) (cumulative)","SE.PRM.CUAT.ZS","","","","","","","","","","","","","","","","","","","","","","","55.52637","","","","","","","","","","","","","","","","","","","","","","","","","","","","","","","","","","","","","",
"Cote d'Ivoire","CIV","Educational attainment, at least completed primary, population 25+ years, total (%) (cumulative)","SE.PRM.CUAT.ZS","","","","","","","","","","","","","","","","","","","","","","","","","","","","","","","","","","","","","","","","","","","","","","","","","","","","","","","35.37401","","","","","",
"Cameroon","CMR","Educational attainment, at least completed primary, population 25+ years, total (%) (cumulative)","SE.PRM.CUAT.ZS","","","","","","","","","","","","","","","","","","","","","","","","","","","","","","","","","","","","","","","","","","","","","","","","","","","36.30954","","","","","","","","","",
"Congo, Dem. Rep.","COD","Educational attainment, at least completed primary, population 25+ years, total (%) (cumulative)","SE.PRM.CUAT.ZS","","","","","","","","","","","","","","","","","","","","","","","","","","","","","","","","","","","","","","","","","","","","","","","","","","","","","","56.78789","","","63.55963","","","",
"Congo, Rep.","COG","Educational attainment, at least completed primary, population 25+ years, total (%) (cumulative)","SE.PRM.CUAT.ZS","","","","","","","","","","","","","","","","","","","","","","","","","28.17663","","","","","","","","","","","","","","","","","","","","","","","","","","","","","","","","","","","",
"Colombia","COL","Educational attainment, at least completed primary, population 25+ years, total (%) (cumulative)","SE.PRM.CUAT.ZS","","","","","","","","","","","","","","","","","","","","","","","","","","","","","","","","","","59.92695","","","","","","","","","","","71.33408","71.88702","69.51075","70.98412","71.83898","71.52893","72.10117","73.00724","73.57052","74.50666","75.40398","76.00128","77.05509","","78.90256","",
"Comoros","COM","Educational attainment, at least completed primary, population 25+ years, total (%) (cumulative)","SE.PRM.CUAT.ZS","","","","","","","","","","","","","","","","","","","","","","","","","","","","","","","","","","","","","","","","","","","","","","","","","","","","","","","","","","","","",
"Cabo Verde","CPV","Educational attainment, at least completed primary, population 25+ years, total (%) (cumulative)","SE.PRM.CUAT.ZS","","","","","","","","","","","","","","","","","","","","","","","","","","","","","","","","","","","","","","","","","","","","","","","","","","","","","","","","51.92241","","","","",
"Costa Rica","CRI","Educational attainment, at least completed primary, population 25+ years, total (%) (cumulative)","SE.PRM.CUAT.ZS","","","","","","","","","","","","","","34.75286","","","","","","","","","","","","","","","","","","","","","","","","","","","","","","","","","","77.50686","79.0691","79.7336","79.26555","79.91407","80.23139","","82.0141","81.3329","81.24023","","","",
"Caribbean small states","CSS","Educational attainment, at least completed primary, population 25+ years, total (%) (cumulative)","SE.PRM.CUAT.ZS","","","","","","","","","","","","","","","","","","","","","","","","","","","","","","","","","","","","","","","","","","","","","","","","","","","","","","","","","","","","",
"Cuba","CUB","Educational attainment, at least completed primary, population 25+ years, total (%) (cumulative)","SE.PRM.CUAT.ZS","","","","","","","","","","","","","","","","","","","","","","","","","","","","","","","","","","","","","","","","","","","85.93741","","","","","","","","","","91.19461","","","","","","","",
"Curacao","CUW","Educational attainment, at least completed primary, population 25+ years, total (%) (cumulative)","SE.PRM.CUAT.ZS","","","","","","","","","","","","","","","","","","","","","","","","","","","","","","","","","","","","","","","","","","","","","","","","","","","","","","","","","","","","",
"Cayman Islands","CYM","Educational attainment, at least completed primary, population 25+ years, total (%) (cumulative)","SE.PRM.CUAT.ZS","","","","","","","","","","","","","","","","","","","","","","","","","","","","","","","","","","","","","","","","","","","","","97.03149","98.84842","98.85358","97.225","98.87254","","","","","","99.77701","99.02892","","","","",
"Cyprus","CYP","Educational attainment, at least completed primary, population 25+ years, total (%) (cumulative)","SE.PRM.CUAT.ZS","","","","","","","","","","","","","","","","","","","","","","","","","","","","","","","","","81.88188","","","","","","","","","","","","89.13424","91.69501","92.53257","92.62402","92.50935","92.52577","93.12907","94.77306","94.03773","94.36194","93.90716","93.89231","95.01129","","","",
"Czech Republic","CZE","Educational attainment, at least completed primary, population 25+ years, total (%) (cumulative)","SE.PRM.CUAT.ZS","","","","","","","","","","","","","","","","","","","","","","","","","","","","","","","","","","","","","","","","","","","","","","","99.88014","99.88188","99.86738","99.86653","99.87434","99.8645","99.8714","99.84897","99.85421","99.84998","99.83921","","","",
"Germany","DEU","Educational attainment, at least completed primary, population 25+ years, total (%) (cumulative)","SE.PRM.CUAT.ZS","","","","","","","","","","","","","","","","","","","","","","","","","","","","","","","","","","","","","","","","","","","","","100","100","100","100","100","100","100","100","100","100","100","100","100","","100","",
"Djibouti","DJI","Educational attainment, at least completed primary, population 25+ years, total (%) (cumulative)","SE.PRM.CUAT.ZS","","","","","","","","","","","","","","","","","","","","","","","","","","","","","","","","","","","","","","","","","","","","","","","","","","","","","","","","","","","","",
"Dominica","DMA","Educational attainment, at least completed primary, population 25+ years, total (%) (cumulative)","SE.PRM.CUAT.ZS","","","","","","","","","","","","","","","","","","","","","","","","","","","","","","","","","","","","","","","","","","89.43647","","","","","","","","","","","","","","","","","","",
"Denmark","DNK","Educational attainment, at least completed primary, population 25+ years, total (%) (cumulative)","SE.PRM.CUAT.ZS","","","","","","","","","","","","","","","","","","","","","","","","","","","","","","","","","","","","","","","","","","","","100","100","","","","100","","","","","","","","","","","",
"Dominican Republic","DOM","Educational attainment, at least completed primary, population 25+ years, total (%) (cumulative)","SE.PRM.CUAT.ZS","","","","","","","","","","","18.3","","","","","","","","","","","","","","","","","","","","","","","","","","","","","","","","","","","","","55.1926","","","62.85334","64.09265","64.59923","65.22193","66.50808","66.80485","","","","",
"Algeria","DZA","Educational attainment, at least completed primary, population 25+ years, total (%) (cumulative)","SE.PRM.CUAT.ZS","","","","","","","","","","","","","","","","","","","","","","","","","","","","","","","","","","","","","","","","","","","","","","","46.5909","","64.37154","","","","","","","","","","","",
"East Asia & Pacific (excluding high income)","EAP","Educational attainment, at least completed primary, population 25+ years, total (%) (cumulative)","SE.PRM.CUAT.ZS","","","","","","","","","","","","","","","","","","","","","","","","","","","","","","","","","","","","","","","","","","","","","","","","","","","","","","","","","","","","",
"Early-demographic dividend","EAR","Educational attainment, at least completed primary, population 25+ years, total (%) (cumulative)","SE.PRM.CUAT.ZS","","","","","","","","","","","","","","","","","","","","","","","","","","","","","","","","","","","","","","","","","","","","","","","","","","","","","","","","","","","","",
"East Asia & Pacific","EAS","Educational attainment, at least completed primary, population 25+ years, total (%) (cumulative)","SE.PRM.CUAT.ZS","","","","","","","","","","","","","","","","","","","","","","","","","","","","","","","","","","","","","","","","","","","","","","","","","","","","","","","","","","","","",
"Europe & Central Asia (excluding high income)","ECA","Educational attainment, at least completed primary, population 25+ years, total (%) (cumulative)","SE.PRM.CUAT.ZS","","","","","","","","","","","","","","","","","","","","","","","","","","","","","","","","","","","","","","","","","","","","","","","","","","","","","","","","","","","","",
"Europe & Central Asia","ECS","Educational attainment, at least completed primary, population 25+ years, total (%) (cumulative)","SE.PRM.CUAT.ZS","","","","","","","","","","","","","","","","","","","","","","","","","","","","","","","","","","","","","","","","","","","","","","","","","","","","","","","","","","","","",
"Ecuador","ECU","Educational attainment, at least completed primary, population 25+ years, total (%) (cumulative)","SE.PRM.CUAT.ZS","","","","","","","","","","","","","","","","","","","","","","","57.59777","","","","","","","","","","","","","","","","","","","","","","","","","74.41291","74.90262","74.49276","75.12957","76.71141","77.31811","79.06049","81.05611","82.59524","82.73646","82.83784","","",
"Egypt, Arab Rep.","EGY","Educational attainment, at least completed primary, population 25+ years, total (%) (cumulative)","SE.PRM.CUAT.ZS","","","","","","","","","","","","","","","","","","","","","","","","","","","","","","","","","","","","","","","","","","","","","","","49.40781","","","","","","","","","","","","","",
"Euro area","EMU","Educational attainment, at least completed primary, population 25+ years, total (%) (cumulative)","SE.PRM.CUAT.ZS","","","","","","","","","","","","","","","","","","","","","","","","","","","","","","","","","","","","","","","","","","","","","","","","","","","","","","","","","","","","",
"Eritrea","ERI","Educational attainment, at least completed primary, population 25+ years, total (%) (cumulative)","SE.PRM.CUAT.ZS","","","","","","","","","","","","","","","","","","","","","","","","","","","","","","","","","","","","","","","","","","","","","","","","","","","","","","","","","","","","",
"Spain","ESP","Educational attainment, at least completed primary, population 25+ years, total (%) (cumulative)","SE.PRM.CUAT.ZS","","","","","","","","","","","74.19523","","","","","","","","","","","53.1","","","","","54.5","","","","","","","","","","","","","","","","","","86.62874","85.94746","86.58106","86.95586","87.40165","87.53907","88.21069","88.52355","89.12309","","90.14872","90.4641","91.1201","","91.91672","",
"Estonia","EST","Educational attainment, at least completed primary, population 25+ years, total (%) (cumulative)","SE.PRM.CUAT.ZS","","","","","","","","","","","","","","","","","","","","","","","","","","","","","","","","","","","","","","","","","99.27871","","","","","","","","","","","","","","","","","","","",
"Ethiopia","ETH","Educational attainment, at least completed primary, population 25+ years, total (%) (cumulative)","SE.PRM.CUAT.ZS","","","","","","","","","","","","","","","","","","","","","","","","","","","","","","","","","","","","","","","","","","","","","","","","25.41249","","","","24.63092","","","","","","","","",
"European Union","EUU","Educational attainment, at least completed primary, population 25+ years, total (%) (cumulative)","SE.PRM.CUAT.ZS","","","","","","","","","","","","","","","","","","","","","","","","","","","","","","","","","","","","","","","","","","","","","","","","","","","","","","","","","","","","",
"Fragile and conflict affected situations","FCS","Educational attainment, at least completed primary, population 25+ years, total (%) (cumulative)","SE.PRM.CUAT.ZS","","","","","","","","","","","","","","","","","","","","","","","","","","","","","","","","","","","","","","","","","","","","","","","","","","","","","","","","","","","","",
"Finland","FIN","Educational attainment, at least completed primary, population 25+ years, total (%) (cumulative)","SE.PRM.CUAT.ZS","","","","","","","","","","","","","","","","","","","","","","","","","","","","","","","","","","","","","","","","","","","","","","","","","","","","","","","","","","","","",
"Fiji","FJI","Educational attainment, at least completed primary, population 25+ years, total (%) (cumulative)","SE.PRM.CUAT.ZS","","","","","","","","","","","","","","","","","34.48142","","","","","","","","","","53.21999","","","","","","","","","","73.27352","","","","","","","","","","","82.79478","","","","","","","","","","","","",
"France","FRA","Educational attainment, at least completed primary, population 25+ years, total (%) (cumulative)","SE.PRM.CUAT.ZS","","","","","","","","","","","","","","","","","","","","","","","","","","","","","","","99.42611","","","","","","","","","","","","","","98.34358","98.60759","","99.16474","99.27945","98.88952","98.43424","98.44558","98.45092","97.89605","97.54462","97.52242","97.62647","97.56847","","",
"Faroe Islands","FRO","Educational attainment, at least completed primary, population 25+ years, total (%) (cumulative)","SE.PRM.CUAT.ZS","","","","","","","","","","","","","","","","","","","","","","","","","","","","","","","","","","","","","","","","","","","","","","","","","","","","","","","","","","","","",
"Micronesia, Fed. Sts.","FSM","Educational attainment, at least completed primary, population 25+ years, total (%) (cumulative)","SE.PRM.CUAT.ZS","","","","","","","","","","","","","","","","","","","","","","","","","","","","","","","","","","","","","","","","","","","","","","","","","","","","","","","","","","","","",
"Gabon","GAB","Educational attainment, at least completed primary, population 25+ years, total (%) (cumulative)","SE.PRM.CUAT.ZS","","","","","","","","","","","","","","","","","","","","","","","","","","","","","","","","","","","","","","","","","","","","","","","","","","","","","","","","","","","","",
"United Kingdom","GBR","Educational attainment, at least completed primary, population 25+ years, total (%) (cumulative)","SE.PRM.CUAT.ZS","","","","","","","","","","","","","","","","","","","","","","","","","","","","","","","","","","","","","","","","","","","","","","","","","","99.76856","99.80787","99.85564","99.80832","99.83229","99.85985","","","100","","",
"Georgia","GEO","Educational attainment, at least completed primary, population 25+ years, total (%) (cumulative)","SE.PRM.CUAT.ZS","","","","","","","","","","","","","","","","","","","","","","","","","","","","","","","","","","","","","","","","","","","98.26799","","","","","","","","","","98.13642","","98.76518","","99.30614","99.30672","","",
"Ghana","GHA","Educational attainment, at least completed primary, population 25+ years, total (%) (cumulative)","SE.PRM.CUAT.ZS","","","","","","","","","","","","","","","","","","","","","","","","","","","","","","","","","","","","","","","","","","","","","","","","","","","64.66984","","","","","","","","","",
"Gibraltar","GIB","Educational attainment, at least completed primary, population 25+ years, total (%) (cumulative)","SE.PRM.CUAT.ZS","","","","","","","","","","","","","","","","","","","","","","","","","","","","","","","","","","","","","","","","","","","","","","","","","","","","","","","","","","","","",
"Guinea","GIN","Educational attainment, at least completed primary, population 25+ years, total (%) (cumulative)","SE.PRM.CUAT.ZS","","","","","","","","","","","","","","","","","","","","","","","","","","","","","","","","","","","","","","","","","","","","","","","","","","","","","","","16.3664","","","","","",
"Gambia, The","GMB","Educational attainment, at least completed primary, population 25+ years, total (%) (cumulative)","SE.PRM.CUAT.ZS","","","","","","","","","","","","","","4.28735","","","","","","","","","","","","","","","","","","","","","","","","","","","","","","","","","","","","","","","","","","38.61308","","","","",
"Guinea-Bissau","GNB","Educational attainment, at least completed primary, population 25+ years, total (%) (cumulative)","SE.PRM.CUAT.ZS","","","","","","","","","","","","","","","","","","","","","","","","","","","","","","","","","","","","","","","","","","","","","","","","","","","","","","","","","","","","",
"Equatorial Guinea","GNQ","Educational attainment, at least completed primary, population 25+ years, total (%) (cumulative)","SE.PRM.CUAT.ZS","","","","","","","","","","","","","","","","","","","","","","","","","","","","","","","","","","","","","","","","","","","","","","","","","","","","","","","","","","","","",
"Greece","GRC","Educational attainment, at least completed primary, population 25+ years, total (%) (cumulative)","SE.PRM.CUAT.ZS","","","","","","","","","","","","","","","","","","","","","","71.6","","","","","","","","","","81.6","","","","","","","","","","","","","","92.02914","90.95724","93.11767","93.28714","","93.3814","","","","94.68892","95.26078","91.47551","","","",
"Grenada","GRD","Educational attainment, at least completed primary, population 25+ years, total (%) (cumulative)","SE.PRM.CUAT.ZS","","","","","","","","","","","","","","","","","","","","","","","","","","","","","","","","","","","","","","","","","","","","","","","","","","","","","","","","","","","","",
"Greenland","GRL","Educational attainment, at least completed primary, population 25+ years, total (%) (cumulative)","SE.PRM.CUAT.ZS","","","","","","","","","","","","","","","","","","","","","","","","","","","","","","","","","","","","","","","","","","","","","","","","","","","","","100","","100","100","","","","",
"Guatemala","GTM","Educational attainment, at least completed primary, population 25+ years, total (%) (cumulative)","SE.PRM.CUAT.ZS","","","","","","","","","","","","","","","","","","","","","","17.7","","","","","","","","","","","","","","","","","","","","","31.27362","","","","29.7706","","","","","","43.36518","44.54583","61.81828","","","","","",
"Guam","GUM","Educational attainment, at least completed primary, population 25+ years, total (%) (cumulative)","SE.PRM.CUAT.ZS","","","","","","","","","","","","","","","","","","","","","82.01718","","","","","","","","","","","","","","","","","","","","","","","","","","","","","","","","","","","","","","","",
"Guyana","GUY","Educational attainment, at least completed primary, population 25+ years, total (%) (cumulative)","SE.PRM.CUAT.ZS","","","","","","","","","","","","","","","","","","","","","","","","","","","","","","","","","","","","","","","","","","","67.49937","","","","","","","","","","","","","","","","","",
"High income","HIC","Educational attainment, at least completed primary, population 25+ years, total (%) (cumulative)","SE.PRM.CUAT.ZS","","","","","","","","","","","","","","","","","","","","","","","","","","","","","","","","","","","","","","","","","","","","","","","","","","","","","","","","","","","","",
"Hong Kong SAR, China","HKG","Educational attainment, at least completed primary, population 25+ years, total (%) (cumulative)","SE.PRM.CUAT.ZS","","","","","","","","","","","","47","","","","","","","","","","60.76119","","","","","","","","","","","","","","","","","","","","","","","","","93.07929","","93.59755","93.84373","93.7161","94.13188","","","95.02565","95.37944","","95.6607","","",
"Honduras","HND","Educational attainment, at least completed primary, population 25+ years, total (%) (cumulative)","SE.PRM.CUAT.ZS","","","","","","","","","","","","","","","12.41317","","","","","","","","","","","","","","","","","","","","","","","","","","","","","","","","","45.69674","","","","52.83392","53.12702","","58.52513","59.36154","61.28907","","59.54867","",
"Heavily indebted poor countries (HIPC)","HPC","Educational attainment, at least completed primary, population 25+ years, total (%) (cumulative)","SE.PRM.CUAT.ZS","","","","","","","","","","","","","","","","","","","","","","","","","","","","","","","","","","","","","","","","","","","","","","","","","","","","","","","","","","","","",
"Croatia","HRV","Educational attainment, at least completed primary, population 25+ years, total (%) (cumulative)","SE.PRM.CUAT.ZS","","","","","","","","","","","","","","","","","","","","","","","","","","","","","","","","","","","","","","","","","","91.51034","","","","","","","","","","96.97402","","","","","","","","",
"Haiti","HTI","Educational attainment, at least completed primary, population 25+ years, total (%) (cumulative)","SE.PRM.CUAT.ZS","","","","","","","","","","","","5.87101","","","","","","","","","","","7.8035","","","","","","","","","","","","","","","","","","","","","","","","","","","","","","","","","","","","","",
"Hungary","HUN","Educational attainment, at least completed primary, population 25+ years, total (%) (cumulative)","SE.PRM.CUAT.ZS","","","","","","","","","","","85.35301","","","","","","","","","","90.74368","","","","","","","","","","","","","","","","","","","","","98.45747","","","","98.97808","","","","","","","","99.64556","99.51738","99.5506","99.56667","","","",
"IBRD only","IBD","Educational attainment, at least completed primary, population 25+ years, total (%) (cumulative)","SE.PRM.CUAT.ZS","","","","","","","","","","","","","","","","","","","","","","","","","","","","","","","","","","","","","","","","","","","","","","","","","","","","","","","","","","","","",
"IDA & IBRD total","IBT","Educational attainment, at least completed primary, population 25+ years, total (%) (cumulative)","SE.PRM.CUAT.ZS","","","","","","","","","","","","","","","","","","","","","","","","","","","","","","","","","","","","","","","","","","","","","","","","","","","","","","","","","","","","",
"IDA total","IDA","Educational attainment, at least completed primary, population 25+ years, total (%) (cumulative)","SE.PRM.CUAT.ZS","","","","","","","","","","","","","","","","","","","","","","","","","","","","","","","","","","","","","","","","","","","","","","","","","","","","","","","","","","","","",
"IDA blend","IDB","Educational attainment, at least completed primary, population 25+ years, total (%) (cumulative)","SE.PRM.CUAT.ZS","","","","","","","","","","","","","","","","","","","","","","","","","","","","","","","","","","","","","","","","","","","","","","","","","","","","","","","","","","","","",
"Indonesia","IDN","Educational attainment, at least completed primary, population 25+ years, total (%) (cumulative)","SE.PRM.CUAT.ZS","","","","","","","","","","","","22.61608","","","","","","","","","27.31787","","","","","","","","","","","","","","","","","","","","","","","","","","80.19658","71.69862","71.87894","72.85479","","74.43771","","","76.60042","77.63035","80.23827","","78.42788","",
"IDA only","IDX","Educational attainment, at least completed primary, population 25+ years, total (%) (cumulative)","SE.PRM.CUAT.ZS","","","","","","","","","","","","","","","","","","","","","","","","","","","","","","","","","","","","","","","","","","","","","","","","","","","","","","","","","","","","",
"Isle of Man","IMN","Educational attainment, at least completed primary, population 25+ years, total (%) (cumulative)","SE.PRM.CUAT.ZS","","","","","","","","","","","","","","","","","","","","","","","","","","","","","","","","","","","","","","","","","","","","","","","","","","","","","","","","","","","","",
"India","IND","Educational attainment, at least completed primary, population 25+ years, total (%) (cumulative)","SE.PRM.CUAT.ZS","","","","","","","","","","","","","","","","","","","","","","","","","","","","","","","","","","","","","","","","","","","","","","","","","","","","51.42446","","","","","","","","",
"Not classified","INX","Educational attainment, at least completed primary, population 25+ years, total (%) (cumulative)","SE.PRM.CUAT.ZS","","","","","","","","","","","","","","","","","","","","","","","","","","","","","","","","","","","","","","","","","","","","","","","","","","","","","","","","","","","","",
"Ireland","IRL","Educational attainment, at least completed primary, population 25+ years, total (%) (cumulative)","SE.PRM.CUAT.ZS","","","","","","","","","","","","","","","","","","","","","","","","","","","","","","","","","","","","","","","","","","","","","","","","","","","","","","","","","","","","",
"Iran, Islamic Rep.","IRN","Educational attainment, at least completed primary, population 25+ years, total (%) (cumulative)","SE.PRM.CUAT.ZS","","","","","","","","","","","","","","","","","","","","","","","","","","","","","","","","","","","","","","","","","","","","","","","","","","","","","","","","","","","","",
"Iraq","IRQ","Educational attainment, at least completed primary, population 25+ years, total (%) (cumulative)","SE.PRM.CUAT.ZS","","","","","","","","","","","","","","","","","","","","","","","","","","","","","","","","","","","","","","","","","","","","","","","","","","","","","","79.39376","","","","","","",
"Iceland","ISL","Educational attainment, at least completed primary, population 25+ years, total (%) (cumulative)","SE.PRM.CUAT.ZS","","","","","","","","","","","","","","","","","","","","","","","","","","","","","","","","","","","","","","","","","","","","","","","","","","","","","","","","","","","","",
"Israel","ISR","Educational attainment, at least completed primary, population 25+ years, total (%) (cumulative)","SE.PRM.CUAT.ZS","","","","","","","","","","","","","","","","","","","","","","","","","","","","","","","","","","","","","","","","","","","","","95.04687","","92.78796","94.64834","","94.61038","94.59195","95.08704","95.35587","95.33005","95.57487","95.631","","","","",
"Italy","ITA","Educational attainment, at least completed primary, population 25+ years, total (%) (cumulative)","SE.PRM.CUAT.ZS","","","","","","","","","","","","69.03089","","","","","","","","","","","","","","","","","","","","","","","","","","","","","","92.05681","","","","92.23941","92.55968","92.71868","93.10191","93.41809","93.69987","93.97998","94.38955","","95.00383","95.26946","","","","",
"Jamaica","JAM","Educational attainment, at least completed primary, population 25+ years, total (%) (cumulative)","SE.PRM.CUAT.ZS","","","","","","","","","","","","","","","","","","","","","","","","","","","","","","","","","","","","","","","","","","","","","","","","","","","","99.24852","","","","","","","","",
"Jordan","JOR","Educational attainment, at least completed primary, population 25+ years, total (%) (cumulative)","SE.PRM.CUAT.ZS","","","","","","","","","","","","","","","","","","","","","","","","","","","","","","","","","","","","","","","","","","","","68.49916","","","","82.76685","84.45034","","85.14888","","","","","","","","","",
"Japan","JPN","Educational attainment, at least completed primary, population 25+ years, total (%) (cumulative)","SE.PRM.CUAT.ZS","","","","","","","","","","","99.07039","","","","","","","","","","99.60074","","","","","","","","","","","","","","","","","","","","","","","","","","","","","","99.52111","","","","","","","","","",
"Kazakhstan","KAZ","Educational attainment, at least completed primary, population 25+ years, total (%) (cumulative)","SE.PRM.CUAT.ZS","","","","","","","","","","","","","","","","","","","","","","","","","","","","","","","","","","","","","","","","90.76849","","","","","","","","99.98262","","99.94776","","","","","","","","","99.94062","",
"Kenya","KEN","Educational attainment, at least completed primary, population 25+ years, total (%) (cumulative)","SE.PRM.CUAT.ZS","","","","","","","","","","","","","","","","","","","","","","","","","","","","","","","","","","","","","","","","","","","","","","","","","","57.17208","50.98652","","","","","","","","","",
"Kyrgyz Republic","KGZ","Educational attainment, at least completed primary, population 25+ years, total (%) (cumulative)","SE.PRM.CUAT.ZS","","","","","","","","","","","","","","","","","","","","","","","","","","","","","","","","","","","","","","","","96.51809","","","","","","","","","","97.97211","","","","","","","","","","",
"Cambodia","KHM","Educational attainment, at least completed primary, population 25+ years, total (%) (cumulative)","SE.PRM.CUAT.ZS","","","","","","","","","","","","","","","","","","","","","","","","","","","","","","","","","","","","","","","","","","","","","","","","34.23195","36.8617","35.63274","","","","","22.86678","22.51052","","","","",
"Kiribati","KIR","Educational attainment, at least completed primary, population 25+ years, total (%) (cumulative)","SE.PRM.CUAT.ZS","","","","","","","","","","","","","","","","","","","","","","","","","","","","","","","","","","","","","","","","","","","","","","","","","","","","","","","","","","","","",
"St. Kitts and Nevis","KNA","Educational attainment, at least completed primary, population 25+ years, total (%) (cumulative)","SE.PRM.CUAT.ZS","","","","","","","","","","","","","","","","","","","","","","","","","","","","","","","","","","","","","","","","","","","","","","","","","","","","","","","","","","","","",
"Korea, Rep.","KOR","Educational attainment, at least completed primary, population 25+ years, total (%) (cumulative)","SE.PRM.CUAT.ZS","","","","","","","","","","","64.08028","","","","","","","","","","","","","","","84.57925","","","","","88.2","","","","","89.35809","","","","","91.65915","","","","","93.06964","","","","90.98401","94.30453","","","","","95.50629","","","","",
"Kuwait","KWT","Educational attainment, at least completed primary, population 25+ years, total (%) (cumulative)","SE.PRM.CUAT.ZS","","","","","","","","","","","25","","","","","","","","","","","","","","","","","","46.57045","","","","","","","","","","","","","","","","","51.02906","51.8809","52.96194","55.52792","","","","64.48291","57.74994","","62.15685","","61.99867","61.79583","",
"Latin America & Caribbean (excluding high income)","LAC","Educational attainment, at least completed primary, population 25+ years, total (%) (cumulative)","SE.PRM.CUAT.ZS","","","","","","","","","","","","","","","","","","","","","","","","","","","","","","","","","","","","","","","","","","","","","","","","","","","","","","","","","","","","",
"Lao PDR","LAO","Educational attainment, at least completed primary, population 25+ years, total (%) (cumulative)","SE.PRM.CUAT.ZS","","","","","","","","","","","","","","","","","","","","","","","","","","","","","","","","","","","","","","","","","","","","","","","","","","","","","","","","","","","","",
"Lebanon","LBN","Educational attainment, at least completed primary, population 25+ years, total (%) (cumulative)","SE.PRM.CUAT.ZS","","","","","","","","","","","25.9","","","","","","","","","","","","","","","","","","","","","","","","","","","","","","","","","","","","","78.44017","","","","","","","","","","","","",
"Liberia","LBR","Educational attainment, at least completed primary, population 25+ years, total (%) (cumulative)","SE.PRM.CUAT.ZS","","","","","","","","","","","","","","","10.31865","","","","","","","","","","","","","","","","","","","","","","","","","","","","","","","","","","","","","","","","","","","","","",
"Libya","LBY","Educational attainment, at least completed primary, population 25+ years, total (%) (cumulative)","SE.PRM.CUAT.ZS","","","","","","","","","","","","","","","","","","","","","","","","","24.9","","","","","","","","","","","","","","","","","","","","","","","","","","","","","","","","","","","",
"St. Lucia","LCA","Educational attainment, at least completed primary, population 25+ years, total (%) (cumulative)","SE.PRM.CUAT.ZS","","","","","","","","","","","","","","","","","","","","","","","","","","","","","","","","","","","","","","","","","","","","","","","","","","","","","","","","","","","","",
"Latin America & Caribbean","LCN","Educational attainment, at least completed primary, population 25+ years, total (%) (cumulative)","SE.PRM.CUAT.ZS","","","","","","","","","","","","","","","","","","","","","","","","","","","","","","","","","","","","","","","","","","","","","","","","","","","","","","","","","","","","",
"Least developed countries: UN classification","LDC","Educational attainment, at least completed primary, population 25+ years, total (%) (cumulative)","SE.PRM.CUAT.ZS","","","","","","","","","","","","","","","","","","","","","","","","","","","","","","","","","","","","","","","","","","","","","","","","","","","","","","","","","","","","",
"Low income","LIC","Educational attainment, at least completed primary, population 25+ years, total (%) (cumulative)","SE.PRM.CUAT.ZS","","","","","","","","","","","","","","","","","","","","","","","","","","","","","","","","","","","","","","","","","","","","","","","","","","","","","","","","","","","","",
"Liechtenstein","LIE","Educational attainment, at least completed primary, population 25+ years, total (%) (cumulative)","SE.PRM.CUAT.ZS","","","","","","","","","","","","","","","","","","","","","","","","","","","","","","","","","","","","","","","","","96.67192","","","","","","","","","","","","","","","","","","","",
"Sri Lanka","LKA","Educational attainment, at least completed primary, population 25+ years, total (%) (cumulative)","SE.PRM.CUAT.ZS","","","","","","","","","","","","47.00556","","","","","","","","","","","","","","","","","","","","","","","","","","","","","","85.8883","","","","","","","","","","","","","","","","","","",
"Lower middle income","LMC","Educational attainment, at least completed primary, population 25+ years, total (%) (cumulative)","SE.PRM.CUAT.ZS","","","","","","","","","","","","","","","","","","","","","","","","","","","","","","","","","","","","","","","","","","","","","","","","","","","","","","","","","","","","",
"Low & middle income","LMY","Educational attainment, at least completed primary, population 25+ years, total (%) (cumulative)","SE.PRM.CUAT.ZS","","","","","","","","","","","","","","","","","","","","","","","","","","","","","","","","","","","","","","","","","","","","","","","","","","","","","","","","","","","","",
"Lesotho","LSO","Educational attainment, at least completed primary, population 25+ years, total (%) (cumulative)","SE.PRM.CUAT.ZS","","","","","","","","","","","","","","","","","13.857","","","","","","","","","","","","","","","","","","","","","","","","","","","","","","","","40.92803","","","","","","","","","","","",
"Late-demographic dividend","LTE","Educational attainment, at least completed primary, population 25+ years, total (%) (cumulative)","SE.PRM.CUAT.ZS","","","","","","","","","","","","","","","","","","","","","","","","","","","","","","","","","","","","","","","","","","","","","","","","","","","","","","","","","","","","",
"Lithuania","LTU","Educational attainment, at least completed primary, population 25+ years, total (%) (cumulative)","SE.PRM.CUAT.ZS","","","","","","","","","","","","","","","","","","","","","","","","","","","","","","","","","","","","","","","","","","","","","","98.10734","97.93315","97.75277","98.12927","98.21746","98.47515","98.56241","98.70134","98.73986","98.71091","98.7198","98.83767","99.0762","","",
"Luxembourg","LUX","Educational attainment, at least completed primary, population 25+ years, total (%) (cumulative)","SE.PRM.CUAT.ZS","","","","","","","","","","","","","","","","","","","","","","","","","","","","","","","","","","","","","","","","","","100","","100","","","","95.01218","","","","","","","","","","","","",
"Latvia","LVA","Educational attainment, at least completed primary, population 25+ years, total (%) (cumulative)","SE.PRM.CUAT.ZS","","","","","","","","","","","","","","","","","","","","","","","","","","","","","","80.85684","","","","","","","","","","","","","","","99.35533","100","100","100","99.45245","100","100","100","100","100","100","100","","","","",
"Macao SAR, China","MAC","Educational attainment, at least completed primary, population 25+ years, total (%) (cumulative)","SE.PRM.CUAT.ZS","","","","","","","","","","","","","","","","","","","","","","","","","","","","","","","","70.89365","","","","","","","","","","78.85357","","","","","83.11769","","","","","87.59429","","","","","89.82821","","","",
"St. Martin (French part)","MAF","Educational attainment, at least completed primary, population 25+ years, total (%) (cumulative)","SE.PRM.CUAT.ZS","","","","","","","","","","","","","","","","","","","","","","","","","","","","","","","","","","","","","","","","","","","","","","","","","","","","","","","","","","","","",
"Morocco","MAR","Educational attainment, at least completed primary, population 25+ years, total (%) (cumulative)","SE.PRM.CUAT.ZS","","","","","","","","","","","","5.6","","","","","","","","","","","","","","","","","","","","","","","","","","","","","","","","","","","","","","","","","","","","","","","","",
"Monaco","MCO","Educational attainment, at least completed primary, population 25+ years, total (%) (cumulative)","SE.PRM.CUAT.ZS","","","","","","","","","","","","","","","","","","","","","","","","","","","","","","","","","","","","","","","","","","","","","","","","","","","","","","","","","","","","",
"Moldova","MDA","Educational attainment, at least completed primary, population 25+ years, total (%) (cumulative)","SE.PRM.CUAT.ZS","","","","","","","","","","","","","","","","","","","","","","","","","","","","","","","","","","","","","","","","","","","","","","","","98.34266","98.76696","98.94769","98.88514","98.92131","99.06975","99.12035","99.29036","99.38811","","","99.44238","",
"Madagascar","MDG","Educational attainment, at least completed primary, population 25+ years, total (%) (cumulative)","SE.PRM.CUAT.ZS","","","","","","","","","","","","","","","","","","","","","","","","","","","","","","","","","","","","","","","","","","","","","","","","","","","","","","","","","","","","",
"Maldives","MDV","Educational attainment, at least completed primary, population 25+ years, total (%) (cumulative)","SE.PRM.CUAT.ZS","","","","","","","","","","","","","","","","","","","","","","","","","","","","","","","","","","","","","","","","","","","","","","","38.92774","","","","","","","","","","","","","",
"Middle East & North Africa","MEA","Educational attainment, at least completed primary, population 25+ years, total (%) (cumulative)","SE.PRM.CUAT.ZS","","","","","","","","","","","","","","","","","","","","","","","","","","","","","","","","","","","","","","","","","","","","","","","","","","","","","","","","","","","","",
"Mexico","MEX","Educational attainment, at least completed primary, population 25+ years, total (%) (cumulative)","SE.PRM.CUAT.ZS","","","","","","","","","","","","","","","","","","","","","34.36817","","","","","","","","","","52.56125","","","","","","","","","","64.60695","","","","67.43212","70.89232","70.75416","71.8483","72.67847","74.40159","74.7419","","77.18234","78.10624","78.78381","79.22939","80.11216","81.41558","82.75337","",
"Marshall Islands","MHL","Educational attainment, at least completed primary, population 25+ years, total (%) (cumulative)","SE.PRM.CUAT.ZS","","","","","","","","","","","","","","","","","","","","","","","","","","","","","","","","","","","","","","","","","","","","","","","","","","","","96.43","","","","","","","","",
"Middle income","MIC","Educational attainment, at least completed primary, population 25+ years, total (%) (cumulative)","SE.PRM.CUAT.ZS","","","","","","","","","","","","","","","","","","","","","","","","","","","","","","","","","","","","","","","","","","","","","","","","","","","","","","","","","","","","",
"North Macedonia","MKD","Educational attainment, at least completed primary, population 25+ years, total (%) (cumulative)","SE.PRM.CUAT.ZS","","","","","","","","","","","","","","","","","","","","","","","","","","","","","","","","","","","","","","","","","","","78.60071","","","","","","","","","","","","","","","","","",
"Mali","MLI","Educational attainment, at least completed primary, population 25+ years, total (%) (cumulative)","SE.PRM.CUAT.ZS","","","","","","","","","","","","","","","","","1.59906","","","","","","","","","","","","","","","","","","","","","","","","","","","","","","","","","","","16.31406","","","","22.05014","12.82667","","15.61794","",
"Malta","MLT","Educational attainment, at least completed primary, population 25+ years, total (%) (cumulative)","SE.PRM.CUAT.ZS","","","","","","","","","","","","","","","","","","","","","","","","","","","","","","","","","","","","","","","","","77.63927","","","","","96.17909","","96.70071","","","97.82323","98.07987","98.20881","98.43511","98.46613","98.85703","98.92753","","98.93292","",
"Myanmar","MMR","Educational attainment, at least completed primary, population 25+ years, total (%) (cumulative)","SE.PRM.CUAT.ZS","","","","","","","","","","","","","","","","","","","","","","","","","","","","","","","","","","","","","","","","","","","","","","","","","","","","","","","","","","","","",
"Middle East & North Africa (excluding high income)","MNA","Educational attainment, at least completed primary, population 25+ years, total (%) (cumulative)","SE.PRM.CUAT.ZS","","","","","","","","","","","","","","","","","","","","","","","","","","","","","","","","","","","","","","","","","","","","","","","","","","","","","","","","","","","","",
"Montenegro","MNE","Educational attainment, at least completed primary, population 25+ years, total (%) (cumulative)","SE.PRM.CUAT.ZS","","","","","","","","","","","","","","","","","","","","","","","","","","","","","","","","","","","","","","","","","","","","95.1814","","","","","","","","97.48744","","","","","","","","",
"Mongolia","MNG","Educational attainment, at least completed primary, population 25+ years, total (%) (cumulative)","SE.PRM.CUAT.ZS","","","","","","","","","","","","","","","","","","","","","","","","","","","","","","","","","","","","","","","","","94.46308","","","","","","","","","","95.49479","","","","","","","","","",
"Northern Mariana Islands","MNP","Educational attainment, at least completed primary, population 25+ years, total (%) (cumulative)","SE.PRM.CUAT.ZS","","","","","","","","","","","","","","","","","","","","","","","","","","","","","","","","","","","","","","","","","","","","","","","","","","","","","","","","","","","","",
"Mozambique","MOZ","Educational attainment, at least completed primary, population 25+ years, total (%) (cumulative)","SE.PRM.CUAT.ZS","","","","","","","","","","","","","","","","","","","","","","","","","","","","","","","","","","","","","","","","","","","","","","","","","","","","20.03367","","","","35.60539","","46.33929","","",
"Mauritania","MRT","Educational attainment, at least completed primary, population 25+ years, total (%) (cumulative)","SE.PRM.CUAT.ZS","","","","","","","","","","","","","","","","","","","","","","","","","","","","","","","","","","","","","","","","","","","","","","","","","","","","","","","","","","","","",
"Mauritius","MUS","Educational attainment, at least completed primary, population 25+ years, total (%) (cumulative)","SE.PRM.CUAT.ZS","","","","","","","","","","","","","31.46783","","","","","","","","","","","","","","","","","","39.1","","","","","","","","","","49.16564","","","","","","","","","","","66.98357","","","","","","","","",
"Malawi","MWI","Educational attainment, at least completed primary, population 25+ years, total (%) (cumulative)","SE.PRM.CUAT.ZS","","","","","","","","","","","","","","","","","","7.33452","","","","","","","","","","13.20506","","","","","","","","","","","19.7998","","","","","","","","","","","","","","","","","","","","","",
"Malaysia","MYS","Educational attainment, at least completed primary, population 25+ years, total (%) (cumulative)","SE.PRM.CUAT.ZS","","","","","","","","","","","","","","","","","","","","","42.35968","","","","","","","","","","","","","","","","70.31009","","","","84.76922","","","","","82.35811","","","","90.59616","91.21787","","","","","","93.94287","","","",
"North America","NAC","Educational attainment, at least completed primary, population 25+ years, total (%) (cumulative)","SE.PRM.CUAT.ZS","","","","","","","","","","","","","","","","","","","","","","","","","","","","","","","","","","","","","","","","","","","","","","","","","","","","","","","","","","","","",
"Namibia","NAM","Educational attainment, at least completed primary, population 25+ years, total (%) (cumulative)","SE.PRM.CUAT.ZS","","","","","","","","","","","","","","","","","","","","","","","","","","","","","","","","","","","","","","","","","","50.03291","","","","","","","","","","","","","","","","","","",
"New Caledonia","NCL","Educational attainment, at least completed primary, population 25+ years, total (%) (cumulative)","SE.PRM.CUAT.ZS","","","","","","","","","","","","","","","","","","","","","","","","","","","","","","","","","","","","","","","","","","","","","","","","","","","","","","","","","","","","",
"Niger","NER","Educational attainment, at least completed primary, population 25+ years, total (%) (cumulative)","SE.PRM.CUAT.ZS","","","","","","","","","","","","","","","","","","","","","","","","","","","","","","","","","","","","","","","","","","","","","","","","","","","","","13.86956","","","","","","","",
"Nigeria","NGA","Educational attainment, at least completed primary, population 25+ years, total (%) (cumulative)","SE.PRM.CUAT.ZS","","","","","","","","","","","","","","","","","","","","","","","","","","","","","","","","","","","","","","","","","","","","","","","59.53075","","","","","","","","","","","","","",
"Nicaragua","NIC","Educational attainment, at least completed primary, population 25+ years, total (%) (cumulative)","SE.PRM.CUAT.ZS","","","","","","","","","","","","","","","","","","","","","","","","","","","","","","","","","","","","","","","","","","","","","","","","","","","","","","","","","","","","",
"Netherlands","NLD","Educational attainment, at least completed primary, population 25+ years, total (%) (cumulative)","SE.PRM.CUAT.ZS","","","","","","","","","","","","","","","","","","","","","","","","","","","","","","","","","","","","","","","","","","","","","98.23575","98.2698","","98.58512","98.32487","98.24499","98.30076","98.31741","98.39972","98.46996","98.43279","98.44808","98.50619","","98.51498","",
"Norway","NOR","Educational attainment, at least completed primary, population 25+ years, total (%) (cumulative)","SE.PRM.CUAT.ZS","","","","","","","","","","","","","","","","","","","","","","","","","","","","","","","","","","","","","","","","","","","","","","","","100","100","100","100","100","","","99.65363","99.66573","99.67485","99.6854","","",
"Nepal","NPL","Educational attainment, at least completed primary, population 25+ years, total (%) (cumulative)","SE.PRM.CUAT.ZS","","","","","","","","","","","","","","","","","","","","","","","","","","","","","","","","","","","","","","","","","","30.93104","","","","","","","","","","40.46943","","","","","","","","",
"Nauru","NRU","Educational attainment, at least completed primary, population 25+ years, total (%) (cumulative)","SE.PRM.CUAT.ZS","","","","","","","","","","","","","","","","","","","","","","","","","","","","","","","","","","","","","","","","","","","","","","","","","","","","","","","","","","","","",
"New Zealand","NZL","Educational attainment, at least completed primary, population 25+ years, total (%) (cumulative)","SE.PRM.CUAT.ZS","","","","","","","","","","","","","","","","","","","","","","","","","","","","","","","","","","","","","","","","","","","","","","","","","","","","","","","","","","","","",
"OECD members","OED","Educational attainment, at least completed primary, population 25+ years, total (%) (cumulative)","SE.PRM.CUAT.ZS","","","","","","","","","","","","","","","","","","","","","","","","","","","","","","","","","","","","","","","","","","","","","","","","","","","","","","","","","","","","",
"Oman","OMN","Educational attainment, at least completed primary, population 25+ years, total (%) (cumulative)","SE.PRM.CUAT.ZS","","","","","","","","","","","","","","","","","","","","","","","","","","","","","","","","","","","","","","","","","","","","51.82005","","","","","66.37063","","64.44375","","","","","83.88591","","","","",
"Other small states","OSS","Educational attainment, at least completed primary, population 25+ years, total (%) (cumulative)","SE.PRM.CUAT.ZS","","","","","","","","","","","","","","","","","","","","","","","","","","","","","","","","","","","","","","","","","","","","","","","","","","","","","","","","","","","","",
"Pakistan","PAK","Educational attainment, at least completed primary, population 25+ years, total (%) (cumulative)","SE.PRM.CUAT.ZS","","","","","","","","","","","","","16.4","","","","","","","","","","","","","","","","","","","","","","","","","","","","","","","","","30.30418","45.93362","","43.39153","44.96119","46.23975","48.34951","47.68988","48.53953","49.80614","","49.73123","48.82521","","",
"Panama","PAN","Educational attainment, at least completed primary, population 25+ years, total (%) (cumulative)","SE.PRM.CUAT.ZS","","","","","","","","","","","","","","","","","","","","","54.65928","","","","","","","","","","66.71411","","","","","","","","","","76.35757","","","","","","","","","","82.62936","","","","","","","","","",
"Peru","PER","Educational attainment, at least completed primary, population 25+ years, total (%) (cumulative)","SE.PRM.CUAT.ZS","","","","","","","","","","","","","34.00002","","","","","","","","","50.64549","","","","","","","","","","","","48.27936","","","","","","","","","","","83.59283","71.08602","71.14462","72.46483","72.31252","72.2487","78.07003","78.40529","79.54493","80.17304","79.77796","80.54922","","","81.94848","",
"Philippines","PHL","Educational attainment, at least completed primary, population 25+ years, total (%) (cumulative)","SE.PRM.CUAT.ZS","","","","","","","","","","","41.83903","","","","","49.96655","","","","","56.95696","","","","","","","","","","46.13065","","","","","","","","","","80.1522","","","","81.73679","","","","","","82.07134","","","84.15698","","","","84.0413","","",
"Palau","PLW","Educational attainment, at least completed primary, population 25+ years, total (%) (cumulative)","SE.PRM.CUAT.ZS","","","","","","","","","","","","","","","","","","","","","","","","","","","","","","","","","","","","","","","","","","","","","","","","","","","","","","98.59705","","","","","","",
"Papua New Guinea","PNG","Educational attainment, at least completed primary, population 25+ years, total (%) (cumulative)","SE.PRM.CUAT.ZS","","","","","","","","","","","","","","","","","","","","","","","","","","","","","","","","","","","","","","","","","","","","","","","","","","","","","","","","","","","","",
"Poland","POL","Educational attainment, at least completed primary, population 25+ years, total (%) (cumulative)","SE.PRM.CUAT.ZS","","","","","","","","","","","69.3","","","","","","","","84.5","","","","","","","","","","92.91142","","","","","","","","","","","","","","96.93671","","","","","","98.57957","98.65418","98.48026","98.57639","98.74219","98.82022","98.86947","","99.20103","","","",
"Pre-demographic dividend","PRE","Educational attainment, at least completed primary, population 25+ years, total (%) (cumulative)","SE.PRM.CUAT.ZS","","","","","","","","","","","","","","","","","","","","","","","","","","","","","","","","","","","","","","","","","","","","","","","","","","","","","","","","","","","","",
"Puerto Rico","PRI","Educational attainment, at least completed primary, population 25+ years, total (%) (cumulative)","SE.PRM.CUAT.ZS","","","","","","","","","","","62.24028","","","","","","","","","","74.19768","","","","","","","","","","","","","","","","","","","","89.03479","","","","","","","","","","","","88.83968","","","","","91.38792","","",
"Korea, Dem. People’s Rep.","PRK","Educational attainment, at least completed primary, population 25+ years, total (%) (cumulative)","SE.PRM.CUAT.ZS","","","","","","","","","","","","","","","","","","","","","","","","","","","","","","","","","","","","","","","","","","","","","","","","","","","","","","","","","","","","",
"Portugal","PRT","Educational attainment, at least completed primary, population 25+ years, total (%) (cumulative)","SE.PRM.CUAT.ZS","","","","","","","","","","","38.44174","","","","","","","","","","","","","","","","","","","","","","","","","","","","77.13646","77.26104","78.52071","79.37171","80.46712","81.54325","83.38644","84.223","84.98689","85.54721","86.27624","87.40933","87.93298","87.5852","88.49507","89.27711","89.95002","90.541","91.11743","91.73931","91.5428","",
"Paraguay","PRY","Educational attainment, at least completed primary, population 25+ years, total (%) (cumulative)","SE.PRM.CUAT.ZS","","","","","","","","","","","","","22.66046","","","","","","","","","","34.83052","","","","","","","","","","48.04342","","","","","","","","","","","65.69847","","64.96593","64.10416","66.55965","67.01064","61.81512","","","71.03431","74.19117","73.409","76.00633","74.52337","","75.61554","",
"West Bank and Gaza","PSE","Educational attainment, at least completed primary, population 25+ years, total (%) (cumulative)","SE.PRM.CUAT.ZS","","","","","","","","","","","","","","","","","","","","","","","","","","","","","","","","","","","","","","","","","","","","","86.19261","","87.51712","88.19591","88.59141","89.55948","90.08777","90.85398","91.99197","92.58731","92.68652","93.25353","93.61357","","94.57768","",
"Pacific island small states","PSS","Educational attainment, at least completed primary, population 25+ years, total (%) (cumulative)","SE.PRM.CUAT.ZS","","","","","","","","","","","","","","","","","","","","","","","","","","","","","","","","","","","","","","","","","","","","","","","","","","","","","","","","","","","","",
"Post-demographic dividend","PST","Educational attainment, at least completed primary, population 25+ years, total (%) (cumulative)","SE.PRM.CUAT.ZS","","","","","","","","","","","","","","","","","","","","","","","","","","","","","","","","","","","","","","","","","","","","","","","","","","","","","","","","","","","","",
"French Polynesia","PYF","Educational attainment, at least completed primary, population 25+ years, total (%) (cumulative)","SE.PRM.CUAT.ZS","","","","","","","","","","","","","","","","","","","","","","","","","","","","","","","","","","","","","","","","","","","","","","","","94.44626","","","","","","","","","","","","",
"Qatar","QAT","Educational attainment, at least completed primary, population 25+ years, total (%) (cumulative)","SE.PRM.CUAT.ZS","","","","","","","","","","","","","","","","","","","","","","","","","","","","","","","","","","","","","","","","","","","","","63.19961","","","74.15696","77.60057","75.51861","75.10961","71.0144","75.04228","83.63504","84.2349","","87.02619","87.7683","","",
"Romania","ROU","Educational attainment, at least completed primary, population 25+ years, total (%) (cumulative)","SE.PRM.CUAT.ZS","","","","","","","","","","","","","","","","","","","","","","","","","","","","","","","","","","","","","","","","","","","95.34629","","","","","97.71719","97.82862","98.02963","98.16192","98.40665","98.53948","98.64797","98.58204","98.63993","98.69963","98.7926","","",
"Russian Federation","RUS","Educational attainment, at least completed primary, population 25+ years, total (%) (cumulative)","SE.PRM.CUAT.ZS","","","","","","","","","","","","","","","","","","","","","","","","","","","","","","","","","","","","","","","","","","","99.68426","","","","","","","","99.36471","","","","","","","","","",
"Rwanda","RWA","Educational attainment, at least completed primary, population 25+ years, total (%) (cumulative)","SE.PRM.CUAT.ZS","","","","","","","","","","","","","","","","","","","6.21321","","","","","","","","","","","","","","","","","","","","","","","","","","","","","","","","27.30828","","31.08499","","32.68659","","","","35.98601","",
"South Asia","SAS","Educational attainment, at least completed primary, population 25+ years, total (%) (cumulative)","SE.PRM.CUAT.ZS","","","","","","","","","","","","","","","","","","","","","","","","","","","","","","","","","","","","","","","","","","","","","","","","","","","","","","","","","","","","",
"Saudi Arabia","SAU","Educational attainment, at least completed primary, population 25+ years, total (%) (cumulative)","SE.PRM.CUAT.ZS","","","","","","","","","","","","","","","","","","","","","","","","","","","","","","","","","","","","","","","","","58.55489","","","","64.2124","","","","","","","","","81.32467","","","","81.09165","","",
"Sudan","SDN","Educational attainment, at least completed primary, population 25+ years, total (%) (cumulative)","SE.PRM.CUAT.ZS","","","","","","","","","","","","","","","","","","","","","","","","","","","","","","","","","","","","","","","","","","","","","","","","","","","","","","","","","","","","",
"Senegal","SEN","Educational attainment, at least completed primary, population 25+ years, total (%) (cumulative)","SE.PRM.CUAT.ZS","","","","","","","","","","","","","","","","","","","","","","","","","","","","","","","","","","","","","","","","","","","","","","","10.85229","","","","","21.77545","","27.34778","","","","21.92162","","",
"Singapore","SGP","Educational attainment, at least completed primary, population 25+ years, total (%) (cumulative)","SE.PRM.CUAT.ZS","","","","","","","","","","","","","","","","","","","","","","","","","","","","","","","","","","","","74.57507","","","","","","","","","","82.36401","77.81699","78.10547","79.22913","79.17575","83.60918","83.6901","84.39689","85.08335","85.1738","86.69623","86.11389","86.01595","87.9088","",
"Solomon Islands","SLB","Educational attainment, at least completed primary, population 25+ years, total (%) (cumulative)","SE.PRM.CUAT.ZS","","","","","","","","","","","","","","","","","","","","","","","","","","","","","","","","","","","","","","","","","","","","","","","","","","","","","","","","","","","","",
"Sierra Leone","SLE","Educational attainment, at least completed primary, population 25+ years, total (%) (cumulative)","SE.PRM.CUAT.ZS","","","","","","","","","","","","","","","","","","","","","","","","","","","","","","","","","","","","","","","","","","","","","","","","","","","","","","","","","","","","",
"El Salvador","SLV","Educational attainment, at least completed primary, population 25+ years, total (%) (cumulative)","SE.PRM.CUAT.ZS","","","","","","","","","","","","","","","","","","","","","","","","","","","","","","","","","","","","","","","","","","","","","","","52.14673","49.50285","51.79769","52.74111","56.95922","53.98377","55.45736","56.40698","","","58.64975","58.55286","","",
"San Marino","SMR","Educational attainment, at least completed primary, population 25+ years, total (%) (cumulative)","SE.PRM.CUAT.ZS","","","","","","","","","","","","","","","","","","","","","","","","","","","","","","","","","","","","","","","","","","","","","","","","","","","","","","","","","","","96.59699","",
"Somalia","SOM","Educational attainment, at least completed primary, population 25+ years, total (%) (cumulative)","SE.PRM.CUAT.ZS","","","","","","","","","","","","","","","","","","","","","","","","","","","","","","","","","","","","","","","","","","","","","","","","","","","","","","","","","","","","",
"Serbia","SRB","Educational attainment, at least completed primary, population 25+ years, total (%) (cumulative)","SE.PRM.CUAT.ZS","","","","","","","","","","","","","","","","","","","","","","","","","","","","","","","","","","","","","","","","","","","74.8313","","","","","","","","","95.88455","","88.11461","93.68078","96.99422","97.44045","97.68987","","",
"Sub-Saharan Africa (excluding high income)","SSA","Educational attainment, at least completed primary, population 25+ years, total (%) (cumulative)","SE.PRM.CUAT.ZS","","","","","","","","","","","","","","","","","","","","","","","","","","","","","","","","","","","","","","","","","","","","","","","","","","","","","","","","","","","","",
"South Sudan","SSD","Educational attainment, at least completed primary, population 25+ years, total (%) (cumulative)","SE.PRM.CUAT.ZS","","","","","","","","","","","","","","","","","","","","","","","","","","","","","","","","","","","","","","","","","","","","","","","","","63.03214","","","","","","","","","","","",
"Sub-Saharan Africa","SSF","Educational attainment, at least completed primary, population 25+ years, total (%) (cumulative)","SE.PRM.CUAT.ZS","","","","","","","","","","","","","","","","","","","","","","","","","","","","","","","","","","","","","","","","","","","","","","","","","","","","","","","","","","","","",
"Small states","SST","Educational attainment, at least completed primary, population 25+ years, total (%) (cumulative)","SE.PRM.CUAT.ZS","","","","","","","","","","","","","","","","","","","","","","","","","","","","","","","","","","","","","","","","","","","","","","","","","","","","","","","","","","","","",
"Sao Tome and Principe","STP","Educational attainment, at least completed primary, population 25+ years, total (%) (cumulative)","SE.PRM.CUAT.ZS","","","","","","","","","","","","","","","","","","","","","","25.44587","","","","","","","","","","","","","","","","","","","","","","","","","","","","","","","88.02042","","","","","","","",
"Suriname","SUR","Educational attainment, at least completed primary, population 25+ years, total (%) (cumulative)","SE.PRM.CUAT.ZS","","","","","","","","","","","","","","","","","","","","","","","","","","","","","","","","","","","","","","","","","","","","","87.4632","","","","","","","","90.37945","","","","","","","",
"Slovak Republic","SVK","Educational attainment, at least completed primary, population 25+ years, total (%) (cumulative)","SE.PRM.CUAT.ZS","","","","","","","","","","","","","","","","","","","","","","","","","","","","","","","","","","","","","","","","","","99.63876","","","","","","","","","","99.87024","99.74244","99.7523","99.78484","99.82197","99.8057","99.78691","","",
"Slovenia","SVN","Educational attainment, at least completed primary, population 25+ years, total (%) (cumulative)","SE.PRM.CUAT.ZS","","","","","","","","","","","","","","","","","","","","","","","","","","","","","","","","","","","","","","","","","","","","","100","99.19425","99.10837","98.97751","98.94441","99.13276","99.11484","99.44395","99.70508","99.87038","","","99.8089","99.78039","","",
"Sweden","SWE","Educational attainment, at least completed primary, population 25+ years, total (%) (cumulative)","SE.PRM.CUAT.ZS","","","","","","","","","","","50.86128","","","","","","","","","","","","","","","","","","","","","","","","","","","","","","","","","","100","100","100","100","100","100","100","100","100","100","100","100","100","100","","",
"Eswatini","SWZ","Educational attainment, at least completed primary, population 25+ years, total (%) (cumulative)","SE.PRM.CUAT.ZS","","","","","","","","","","","","","","","","","21.06158","","","","","","","","","","33.61025","","","","","","","","","","","","","","","","","","","","","","","","","","","","","","","","","",
"Sint Maarten (Dutch part)","SXM","Educational attainment, at least completed primary, population 25+ years, total (%) (cumulative)","SE.PRM.CUAT.ZS","","","","","","","","","","","","","","","","","","","","","","","","","","","","","","","","","","","","","","","","","","","","","","","","","","","","","","","","","","","","",
"Seychelles","SYC","Educational attainment, at least completed primary, population 25+ years, total (%) (cumulative)","SE.PRM.CUAT.ZS","","","","","","","","","","","","37.26453","","","","","","","","","","","","","","","","","","","","","","","","","","","","","","","94.17335","","","","","","","","","","","","","","","","","",
"Syrian Arab Republic","SYR","Educational attainment, at least completed primary, population 25+ years, total (%) (cumulative)","SE.PRM.CUAT.ZS","","","","","","","","","","","","","","","","","","","","","","","","","","","","","","","","","","","","","","","","","","","36.13891","","","","","69.12212","60.90414","67.49159","","","","","","","","","","",
"Turks and Caicos Islands","TCA","Educational attainment, at least completed primary, population 25+ years, total (%) (cumulative)","SE.PRM.CUAT.ZS","","","","","","","","","","","","","","","","","","","","","","","","","","","","","","","","","","","","","","","","","","","","","","","","","","","","","","","","","","","","",
"Chad","TCD","Educational attainment, at least completed primary, population 25+ years, total (%) (cumulative)","SE.PRM.CUAT.ZS","","","","","","","","","","","","","","","","","","","","","","","","","","","","","","","","","","","","","","","","","","","","","8.54493","","","","","13.64971","","","","","","","","","","",
"East Asia & Pacific (IDA & IBRD countries)","TEA","Educational attainment, at least completed primary, population 25+ years, total (%) (cumulative)","SE.PRM.CUAT.ZS","","","","","","","","","","","","","","","","","","","","","","","","","","","","","","","","","","","","","","","","","","","","","","","","","","","","","","","","","","","","",
"Europe & Central Asia (IDA & IBRD countries)","TEC","Educational attainment, at least completed primary, population 25+ years, total (%) (cumulative)","SE.PRM.CUAT.ZS","","","","","","","","","","","","","","","","","","","","","","","","","","","","","","","","","","","","","","","","","","","","","","","","","","","","","","","","","","","","",
"Togo","TGO","Educational attainment, at least completed primary, population 25+ years, total (%) (cumulative)","SE.PRM.CUAT.ZS","","","","","","","","","","","4.34216","","","","","","","","","","","","","","","","","","","","","","","","","","","","","","","","","","","","","","","","","30.42972","","","","","","","","",
"Thailand","THA","Educational attainment, at least completed primary, population 25+ years, total (%) (cumulative)","SE.PRM.CUAT.ZS","","","","","","","","","","","","","","","","","","","","","12.16327","","","","","","","","","","","","","","","","","","","","","","","","55.04425","","51.35322","","","","60.79637","","","61.47497","","","65.74324","","","",
"Tajikistan","TJK","Educational attainment, at least completed primary, population 25+ years, total (%) (cumulative)","SE.PRM.CUAT.ZS","","","","","","","","","","","","","","","","","","","","","","","","","","","","","","","","","","","","","","","","","97.15865","","","","","","","","","","","","","","","","","","","",
"Turkmenistan","TKM","Educational attainment, at least completed primary, population 25+ years, total (%) (cumulative)","SE.PRM.CUAT.ZS","","","","","","","","","","","","","","","","","","","","","","","","","","","","","","","","","","","","96.48263","","","","","","","","","","","","","","","","","","","","","","","","",
"Latin America & the Caribbean (IDA & IBRD countries)","TLA","Educational attainment, at least completed primary, population 25+ years, total (%) (cumulative)","SE.PRM.CUAT.ZS","","","","","","","","","","","","","","","","","","","","","","","","","","","","","","","","","","","","","","","","","","","","","","","","","","","","","","","","","","","","",
"Timor-Leste","TLS","Educational attainment, at least completed primary, population 25+ years, total (%) (cumulative)","SE.PRM.CUAT.ZS","","","","","","","","","","","","","","","","","","","","","","","","","","","","","","","","","","","","","","","","","","","","","","","","","","","","","","","","","","","","",
"Middle East & North Africa (IDA & IBRD countries)","TMN","Educational attainment, at least completed primary, population 25+ years, total (%) (cumulative)","SE.PRM.CUAT.ZS","","","","","","","","","","","","","","","","","","","","","","","","","","","","","","","","","","","","","","","","","","","","","","","","","","","","","","","","","","","","",
"Tonga","TON","Educational attainment, at least completed primary, population 25+ years, total (%) (cumulative)","SE.PRM.CUAT.ZS","","","","","","","","","","","","","","","","","","","","","","","","","","","","","","","","","","","","","","","","","","","","","","","","","","","","96.03978","","","","","","","","",
"South Asia (IDA & IBRD)","TSA","Educational attainment, at least completed primary, population 25+ years, total (%) (cumulative)","SE.PRM.CUAT.ZS","","","","","","","","","","","","","","","","","","","","","","","","","","","","","","","","","","","","","","","","","","","","","","","","","","","","","","","","","","","","",
"Sub-Saharan Africa (IDA & IBRD countries)","TSS","Educational attainment, at least completed primary, population 25+ years, total (%) (cumulative)","SE.PRM.CUAT.ZS","","","","","","","","","","","","","","","","","","","","","","","","","","","","","","","","","","","","","","","","","","","","","","","","","","","","","","","","","","","","",
"Trinidad and Tobago","TTO","Educational attainment, at least completed primary, population 25+ years, total (%) (cumulative)","SE.PRM.CUAT.ZS","","","","","","","","","","","","","","","","","","","","","69.32255","","","","","","","","","","","","","","","","","","","","","","","","","","","","94.22583","94.62544","","","","","","","","","","",
"Tunisia","TUN","Educational attainment, at least completed primary, population 25+ years, total (%) (cumulative)","SE.PRM.CUAT.ZS","","","","","","","","","","","","","","","","","","","","","","","","","","","","","","","","","","","","","","","","","","","","","","","","","70.68197","","73.17222","74.26429","74.71682","","","","74.21968","","","",
"Turkey","TUR","Educational attainment, at least completed primary, population 25+ years, total (%) (cumulative)","SE.PRM.CUAT.ZS","","","","","","","","","","","","","","","","","","","","","","","","","","","","","","","","","","","","","","","","","","","","","79.66867","79.34397","79.33135","80.03004","81.06722","82.65136","85.19231","86.46679","86.95696","87.2977","87.8281","88.27713","88.9477","89.50145","","",
"Tuvalu","TUV","Educational attainment, at least completed primary, population 25+ years, total (%) (cumulative)","SE.PRM.CUAT.ZS","","","","","","","","","","","","","","","","","","","","","","","","","","","","","","","","","","","","","","","","","","","","","","","","","","","","","","","","","","","","",
"Tanzania","TZA","Educational attainment, at least completed primary, population 25+ years, total (%) (cumulative)","SE.PRM.CUAT.ZS","","","","","","","","","","","","","","","","","","","","","","","","","","","","","","","","","","","","","","","","","","","48.86504","","","","","","","","","","64.79052","","","","","","","",
"Uganda","UGA","Educational attainment, at least completed primary, population 25+ years, total (%) (cumulative)","SE.PRM.CUAT.ZS","","","","","","","","","","","","","","","","","","","","","","","","","","","","","","","","","","","","","","","","","","","30.60846","","","","","","34.89214","","44.27227","","32.50425","","","","","","","",
"Ukraine","UKR","Educational attainment, at least completed primary, population 25+ years, total (%) (cumulative)","SE.PRM.CUAT.ZS","","","","","","","","","","","","","","","","","","","","","","","","","","","","","","","","","","","","","","","","","","97.18256","","","","","","","","","","","","","","","","","","",
"Upper middle income","UMC","Educational attainment, at least completed primary, population 25+ years, total (%) (cumulative)","SE.PRM.CUAT.ZS","","","","","","","","","","","","","","","","","","","","","","","","","","","","","","","","","","","","","","","","","","","","","","","","","","","","","","","","","","","","",
"Uruguay","URY","Educational attainment, at least completed primary, population 25+ years, total (%) (cumulative)","SE.PRM.CUAT.ZS","","","","","","","","","","","","","","","","53.38903","","","","","","","","","","","","","","","","","","","","","","","","","","","","91.24403","","","82.94837","","85.53663","85.9556","85.64122","87.61919","88.36092","88.62465","88.93866","89.38932","89.86957","90.28429","91.1971","",
"United States","USA","Educational attainment, at least completed primary, population 25+ years, total (%) (cumulative)","SE.PRM.CUAT.ZS","","","","","","","","","","","94.5","","","","","","","","","","96.43016","","","","","","","","","","","","","","","","","","","","","","","","98.47055","98.42296","98.54377","","98.67673","98.59418","98.68843","98.7173","98.79048","98.86702","98.79341","98.77388","98.87711","","99.03153","",
"Uzbekistan","UZB","Educational attainment, at least completed primary, population 25+ years, total (%) (cumulative)","SE.PRM.CUAT.ZS","","","","","","","","","","","","","","","","","","","","","","","","","","","","","","","","","","","","","","","","","","","","","","","","","","","","","","100","100","99.99999","100","","99.99059","",
"St. Vincent and the Grenadines","VCT","Educational attainment, at least completed primary, population 25+ years, total (%) (cumulative)","SE.PRM.CUAT.ZS","","","","","","","","","","","","","","","","","","","","","","","","","","","","","","","","","","","","","","","","","","","","","","","","","","","","","","","","","","91.28836","","",
"Venezuela, RB","VEN","Educational attainment, at least completed primary, population 25+ years, total (%) (cumulative)","SE.PRM.CUAT.ZS","","","","","","","","","","","","","","","","","","","","","","","","","","","","","","","","","","","","","","","","","","","","","","","74.50938","81.04441","82.23037","82.74966","","","","","","87.73692","92.71088","","","",
"British Virgin Islands","VGB","Educational attainment, at least completed primary, population 25+ years, total (%) (cumulative)","SE.PRM.CUAT.ZS","","","","","","","","","","","","","","","","","","","","","","","","","","","","","","","","","","","","","","","","","","","","","","","","","","","","","","","","","","","","",
"Virgin Islands (U.S.)","VIR","Educational attainment, at least completed primary, population 25+ years, total (%) (cumulative)","SE.PRM.CUAT.ZS","","","","","","","","","","","","","","","","","","","","","","","","","","","","","","","","","","","","","","","","","","","","","","","","","","","","","","","","","","","","",
"Vietnam","VNM","Educational attainment, at least completed primary, population 25+ years, total (%) (cumulative)","SE.PRM.CUAT.ZS","","","","","","","","","","","","","","","","","","","","71.24516","","","","","","","","","","","","","","","","","","","","","","","","","","","","","","","","","","","","","","","","",
"Vanuatu","VUT","Educational attainment, at least completed primary, population 25+ years, total (%) (cumulative)","SE.PRM.CUAT.ZS","","","","","","","","","","","","","","","","","","","","28.5","","","","","","","","","","","","","","","","","","","","","","","","","","","","","","","","","","","","","","","","",
"World","WLD","Educational attainment, at least completed primary, population 25+ years, total (%) (cumulative)","SE.PRM.CUAT.ZS","","","","","","","","","","","","","","","","","","","","","","","","","","","","","","","","","","","","","","","","","","","","","","","","","","","","","","","","","","","","",
"Samoa","WSM","Educational attainment, at least completed primary, population 25+ years, total (%) (cumulative)","SE.PRM.CUAT.ZS","","","","","","","","","","","","","","","","","","","","","","43.34473","","","","","","","","","","","","","","","","","","","","96.29061","","","","","","","","","","99.02468","","","","","","","","",
"Kosovo","XKX","Educational attainment, at least completed primary, population 25+ years, total (%) (cumulative)","SE.PRM.CUAT.ZS","","","","","","","","","","","","","","","","","","","","","","","","","","","","","","","","","","","","","","","","","","","","","","","","","","","","","","","","","","","","",
"Yemen, Rep.","YEM","Educational attainment, at least completed primary, population 25+ years, total (%) (cumulative)","SE.PRM.CUAT.ZS","","","","","","","","","","","","","","","","","","","","","","","","","","","","","","","","","","","","","","","","","","","","","","","","","","","","","","","","","","","","",
"South Africa","ZAF","Educational attainment, at least completed primary, population 25+ years, total (%) (cumulative)","SE.PRM.CUAT.ZS","","","","","","","","","","","36.44458","","","","","","","","","","39.89429","","","","","33.64794","","","","","","","","","","","","","","","","62.25691","68.68414","70.8406","71.47269","72.21898","72.98714","74.1135","74.36147","77.97071","78.46267","79.08847","81.09812","","81.78265","82.38449","","","","",
"Zambia","ZMB","Educational attainment, at least completed primary, population 25+ years, total (%) (cumulative)","SE.PRM.CUAT.ZS","","","","","","","","","","","","","","","","","","","","","","","","","","","","","","","","","","","","","","","","","","","","","","","","","","","","","","","","","","","","",
"Zimbabwe","ZWE","Educational attainment, at least completed primary, population 25+ years, total (%) (cumulative)","SE.PRM.CUAT.ZS","","","","","","","","","","","","","","","","","","","","","","","","","","","","","","","","","","","","","","","","","","","65.17803","","","","","","","","","","80.87512","","75.78488","","","82.45203","","",
